id;pfw_attempt_id;nite;expnum;ccdnum;band;exptime;crossra0;racmin;racmax;deccmin;deccmax;ra_cent;dec_cent;rac1;rac2;rac3;rac4;decc1;decc2;decc3;decc4;path;filename;downloaded
200;68882;20141028;372572;1;i;90.0;N;19.143565;19.443727;4.491888;4.641211;19.29359;4.566639;19.143723;19.143565;19.443583;19.443727;4.641117;4.491888;4.492121;4.641211;/archive/images;D00372572_i_c01_r2182p01_immasked.fits;False
201;68882;20141028;372572;3;i;90.0;N;19.766569;20.066637;4.491215;4.641043;19.916591;4.566228;19.766622;19.766569;20.066597;20.066637;4.641043;4.491954;4.491215;4.640448;/archive/images;D00372572_i_c03_r2182p01_immasked.fits;False
202;68882;20141028;372572;4;i;90.0;N;18.987771;19.287855;4.327673;4.477281;19.137722;4.402568;18.988003;18.987771;19.287613;19.287855;4.47696;4.327673;4.328063;4.477281;/archive/images;D00372572_i_c04_r2182p01_immasked.fits;False
203;68882;20141028;372572;5;i;90.0;N;19.299035;19.599374;4.328139;4.477475;19.449169;4.402933;19.299204;19.299035;19.599335;19.599374;4.47734;4.328139;4.328274;4.477475;/archive/images;D00372572_i_c05_r2182p01_immasked.fits;False
204;68882;20141028;372572;6;i;90.0;N;19.610656;19.910975;4.327636;4.477437;19.760841;4.402659;19.610796;19.610656;19.910961;19.910975;4.477437;4.328237;4.327636;4.476845;/archive/images;D00372572_i_c06_r2182p01_immasked.fits;False
205;68882;20141028;372572;7;i;90.0;N;19.922204;20.22211;4.326739;4.476828;20.072175;4.401877;19.922204;19.922257;20.22211;20.222064;4.476828;4.327617;4.326739;4.476018;/archive/images;D00372572_i_c07_r2182p01_immasked.fits;False
206;68882;20141028;372572;8;i;90.0;N;18.832284;19.131993;4.163089;4.313088;18.982017;4.238149;18.832407;18.832284;19.131798;19.131993;4.31247;4.163089;4.163694;4.313088;/archive/images;D00372572_i_c08_r2182p01_immasked.fits;False
207;68882;20141028;372572;9;i;90.0;N;19.143021;19.443468;4.163862;4.313334;19.29316;4.238701;19.14336;19.143021;19.443221;19.443468;4.313251;4.163862;4.163892;4.313334;/archive/images;D00372572_i_c09_r2182p01_immasked.fits;False
208;68882;20141028;372572;10;i;90.0;N;19.454608;19.755136;4.163686;4.313322;19.604869;4.238634;19.454746;19.454608;19.75513;19.755136;4.313322;4.163879;4.163686;4.31313;/archive/images;D00372572_i_c10_r2182p01_immasked.fits;False
209;68882;20141028;372572;11;i;90.0;N;19.766379;20.066598;4.163018;4.313188;19.916523;4.238208;19.766426;19.766379;20.066598;20.066546;4.313188;4.163742;4.163018;4.312406;/archive/images;D00372572_i_c11_r2182p01_immasked.fits;False
210;68882;20141028;372572;12;i;90.0;N;20.077977;20.377578;4.161893;4.312345;20.227807;4.237183;20.077977;20.078003;20.37754;20.377578;4.312345;4.162951;4.161893;4.311278;/archive/images;D00372572_i_c12_r2182p01_immasked.fits;False
211;68882;20141028;372572;13;i;90.0;N;18.676832;18.976201;3.998544;4.14847;18.826397;4.073533;18.676909;18.676832;18.975983;18.976201;4.148004;3.998544;3.998935;4.14847;/archive/images;D00372572_i_c13_r2182p01_immasked.fits;False
212;68882;20141028;372572;14;i;90.0;N;18.987157;19.287252;3.999196;4.14907;19.137072;4.0742;18.987387;18.987157;19.287058;19.287252;4.148732;3.999196;3.999419;4.14907;/archive/images;D00372572_i_c14_r2182p01_immasked.fits;False
213;68882;20141028;372572;15;i;90.0;N;19.298524;19.599132;3.999496;4.1492;19.448767;4.074464;19.298689;19.298524;19.599053;19.599132;4.149194;3.999535;3.999496;4.1492;/archive/images;D00372572_i_c15_r2182p01_immasked.fits;False
214;68882;20141028;372572;16;i;90.0;N;19.610441;19.910983;3.998894;4.148928;19.760724;4.074011;19.610495;19.610441;19.910983;19.910949;4.148928;3.999233;3.998894;4.148545;/archive/images;D00372572_i_c16_r2182p01_immasked.fits;False
215;68882;20141028;372572;17;i;90.0;N;19.922305;20.222251;3.998202;4.148697;20.072358;4.073519;19.922366;19.922305;20.222228;20.222251;4.148697;3.999047;3.998202;4.147736;/archive/images;D00372572_i_c17_r2182p01_immasked.fits;False
216;68882;20141028;372572;18;i;90.0;N;20.233722;20.533029;3.997282;4.147606;20.383393;4.07247;20.233722;20.233802;20.532972;20.533029;4.147606;3.998072;3.997282;4.146741;/archive/images;D00372572_i_c18_r2182p01_immasked.fits;False
217;68882;20141028;372572;19;i;90.0;N;18.676921;18.976081;3.834452;3.984429;18.826363;3.909454;18.676944;18.676921;18.975975;18.976081;3.983963;3.834452;3.834756;3.984429;/archive/images;D00372572_i_c19_r2182p01_immasked.fits;False
218;68882;20141028;372572;20;i;90.0;N;18.987047;19.287112;3.834594;3.984461;19.136931;3.90957;18.987209;18.987047;19.286956;19.287112;3.984269;3.834594;3.834635;3.984461;/archive/images;D00372572_i_c20_r2182p01_immasked.fits;False
219;68882;20141028;372572;21;i;90.0;N;19.298345;19.598995;3.834742;3.984671;19.448594;3.909809;19.298464;19.298345;19.598911;19.598995;3.984671;3.834843;3.834742;3.984629;/archive/images;D00372572_i_c21_r2182p01_immasked.fits;False
220;68882;20141028;372572;22;i;90.0;N;19.610301;19.91098;3.834377;3.984715;19.760658;3.909622;19.610438;19.610301;19.91088;19.91098;3.984715;3.834826;3.834377;3.984208;/archive/images;D00372572_i_c22_r2182p01_immasked.fits;False
221;68882;20141028;372572;23;i;90.0;N;19.922464;20.222462;3.833733;3.984188;20.072547;3.909006;19.92254;19.922464;20.222396;20.222462;3.984188;3.834358;3.833733;3.983417;/archive/images;D00372572_i_c23_r2182p01_immasked.fits;False
222;68882;20141028;372572;24;i;90.0;N;20.233619;20.532838;3.832939;3.983375;20.383255;3.908172;20.23368;20.233619;20.532696;20.532838;3.983375;3.833702;3.832939;3.982452;/archive/images;D00372572_i_c24_r2182p01_immasked.fits;False
223;68882;20141028;372572;25;i;90.0;N;18.521504;18.820501;3.669785;3.819589;18.671013;3.744691;18.521504;18.521615;18.820501;18.820479;3.819275;3.669785;3.669939;3.819589;/archive/images;D00372572_i_c25_r2182p01_immasked.fits;False
224;68882;20141028;372572;26;i;90.0;N;18.831797;19.131262;3.670105;3.819956;18.981353;3.745048;18.831813;18.831797;19.131207;19.131262;3.819782;3.670124;3.670105;3.819956;/archive/images;D00372572_i_c26_r2182p01_immasked.fits;False
225;68882;20141028;372572;27;i;90.0;N;19.142582;19.442969;3.669782;3.819818;19.292643;3.74489;19.142665;19.142582;19.442865;19.442969;3.819818;3.669963;3.669782;3.819749;/archive/images;D00372572_i_c27_r2182p01_immasked.fits;False
226;68882;20141028;372572;28;i;90.0;N;19.454499;19.755192;3.669776;3.819884;19.604804;3.744894;19.45453;19.454499;19.75514;19.755192;3.819884;3.669916;3.669776;3.819746;/archive/images;D00372572_i_c28_r2182p01_immasked.fits;False
227;68882;20141028;372572;29;i;90.0;N;19.766298;20.066682;3.669261;3.819493;19.91654;3.74441;19.766361;19.766298;20.066599;20.066682;3.819493;3.669537;3.669261;3.819103;/archive/images;D00372572_i_c29_r2182p01_immasked.fits;False
228;68882;20141028;372572;30;i;90.0;N;20.078184;20.377751;3.668807;3.819066;20.228052;3.743946;20.078281;20.078184;20.377612;20.377751;3.819066;3.66922;3.668807;3.818465;/archive/images;D00372572_i_c30_r2182p01_immasked.fits;False
229;68882;20141028;372572;31;i;90.0;N;20.388827;20.687906;3.668437;3.818536;20.538293;3.743492;20.388937;20.388827;20.687718;20.687906;3.818536;3.668881;3.668437;3.817932;/archive/images;D00372572_i_c31_r2182p01_immasked.fits;False
230;68882;20141028;372572;32;i;90.0;N;18.521503;18.820417;3.505408;3.655115;18.670951;3.580361;18.521503;18.52154;18.820417;18.820389;3.655115;3.505623;3.505408;3.655058;/archive/images;D00372572_i_c32_r2182p01_immasked.fits;False
231;68882;20141028;372572;33;i;90.0;N;18.83173;19.13116;3.505301;3.655209;18.981293;3.580343;18.83173;18.83181;19.13116;19.131139;3.655209;3.50555;3.505301;3.655147;/archive/images;D00372572_i_c33_r2182p01_immasked.fits;False
232;68882;20141028;372572;34;i;90.0;N;19.142477;19.442754;3.505103;3.65511;19.292508;3.58017;19.142477;19.142555;19.442753;19.442754;3.65511;3.505264;3.505103;3.655062;/archive/images;D00372572_i_c34_r2182p01_immasked.fits;False
233;68882;20141028;372572;35;i;90.0;N;19.454136;19.754808;3.504854;3.655033;19.604416;3.57998;19.454174;19.454136;19.754693;19.754808;3.655033;3.505071;3.504854;3.654818;/archive/images;D00372572_i_c35_r2182p01_immasked.fits;False
234;68882;20141028;372572;36;i;90.0;N;19.765961;20.066271;3.504649;3.654609;19.916151;3.579645;19.765971;19.765961;20.066184;20.066271;3.654609;3.504649;3.504667;3.654514;/archive/images;D00372572_i_c36_r2182p01_immasked.fits;False
235;68882;20141028;372572;37;i;90.0;N;20.077578;20.377204;3.504418;3.654488;20.227471;3.579446;20.077776;20.077578;20.376943;20.377204;3.654488;3.504643;3.504418;3.654071;/archive/images;D00372572_i_c37_r2182p01_immasked.fits;False
236;68882;20141028;372572;38;i;90.0;N;20.388358;20.687548;3.503869;3.653976;20.537899;3.578939;20.388667;20.388358;20.68723;20.687548;3.653976;3.504326;3.503869;3.653361;/archive/images;D00372572_i_c38_r2182p01_immasked.fits;False
237;68882;20141028;372572;39;i;90.0;N;18.676735;18.975896;3.340935;3.490698;18.826199;3.4159;18.676735;18.676963;18.975896;18.975678;3.490698;3.341179;3.340935;3.490616;/archive/images;D00372572_i_c39_r2182p01_immasked.fits;False
238;68882;20141028;372572;40;i;90.0;N;18.98695;19.286853;3.340549;3.490523;19.136777;3.415586;18.98695;18.987162;19.286853;19.286752;3.490523;3.340849;3.340549;3.490367;/archive/images;D00372572_i_c40_r2182p01_immasked.fits;False
239;68882;20141028;372572;41;i;90.0;N;19.298266;19.598719;3.340393;3.490401;19.448431;3.415423;19.298266;19.298377;19.598695;19.598719;3.490401;3.340577;3.340393;3.49027;/archive/images;D00372572_i_c41_r2182p01_immasked.fits;False
240;68882;20141028;372572;42;i;90.0;N;19.610114;19.910638;3.340061;3.490057;19.76035;3.415055;19.610174;19.610114;19.910442;19.910638;3.490057;3.34018;3.340061;3.489883;/archive/images;D00372572_i_c42_r2182p01_immasked.fits;False
241;68882;20141028;372572;43;i;90.0;N;19.921809;20.221835;3.339988;3.489838;20.071871;3.414895;19.922012;19.921809;20.221521;20.221835;3.489838;3.34002;3.339988;3.489664;/archive/images;D00372572_i_c43_r2182p01_immasked.fits;False
242;68882;20141028;372572;44;i;90.0;N;20.232743;20.532039;3.339816;3.489596;20.382429;3.414709;20.233071;20.232743;20.53169;20.532039;3.489596;3.339921;3.339816;3.489331;/archive/images;D00372572_i_c44_r2182p01_immasked.fits;False
243;68882;20141028;372572;45;i;90.0;N;18.676895;18.976144;3.17677;3.326504;18.826425;3.251711;18.676895;18.677162;18.976144;18.975831;3.326504;3.177045;3.17677;3.326299;/archive/images;D00372572_i_c45_r2182p01_immasked.fits;False
244;68882;20141028;372572;46;i;90.0;N;18.986911;19.286762;3.176187;3.326113;19.136727;3.251179;18.986911;18.987216;19.286762;19.286593;3.326113;3.176587;3.176187;3.325832;/archive/images;D00372572_i_c46_r2182p01_immasked.fits;False
245;68882;20141028;372572;47;i;90.0;N;19.29832;19.598619;3.175681;3.325757;19.448374;3.250717;19.29832;19.298383;19.598499;19.598619;3.325757;3.176118;3.175681;3.325369;/archive/images;D00372572_i_c47_r2182p01_immasked.fits;False
246;68882;20141028;372572;48;i;90.0;N;19.609722;19.910057;3.175607;3.325302;19.759849;3.250436;19.609744;19.609722;19.909852;19.910057;3.325302;3.175607;3.175623;3.325266;/archive/images;D00372572_i_c48_r2182p01_immasked.fits;False
247;68882;20141028;372572;49;i;90.0;N;19.921472;20.221458;3.175634;3.325275;20.0715;3.25045;19.921756;19.921472;20.221041;20.221458;3.325275;3.175634;3.175681;3.325202;/archive/images;D00372572_i_c49_r2182p01_immasked.fits;False
248;68882;20141028;372572;50;i;90.0;N;20.232352;20.531701;3.175725;3.325267;20.382045;3.250536;20.232749;20.232352;20.531346;20.531701;3.325267;3.175739;3.175725;3.325181;/archive/images;D00372572_i_c50_r2182p01_immasked.fits;False
249;68882;20141028;372572;51;i;90.0;N;18.832409;19.131791;3.012091;3.162071;18.982002;3.087117;18.832409;18.83263;19.131791;19.131597;3.162071;3.012694;3.012091;3.161477;/archive/images;D00372572_i_c51_r2182p01_immasked.fits;False
250;68882;20141028;372572;52;i;90.0;N;19.142861;19.442792;3.011741;3.161593;19.292768;3.086661;19.142861;19.143109;19.442792;19.442735;3.161593;3.012206;3.011741;3.161173;/archive/images;D00372572_i_c52_r2182p01_immasked.fits;False
251;68882;20141028;372572;53;i;90.0;N;19.454243;19.754429;3.011536;3.161225;19.604251;3.086353;19.454243;19.454265;19.754221;19.754429;3.161225;3.01179;3.011536;3.160972;/archive/images;D00372572_i_c53_r2182p01_immasked.fits;False
252;68882;20141028;372572;54;i;90.0;N;19.76545;20.06558;3.011316;3.160788;19.9155;3.086023;19.765694;19.76545;20.065143;20.06558;3.160788;3.011354;3.011316;3.160698;/archive/images;D00372572_i_c54_r2182p01_immasked.fits;False
253;68882;20141028;372572;55;i;90.0;N;20.076497;20.376087;3.011467;3.160928;20.226317;3.086232;20.076885;20.076497;20.375665;20.376087;3.16085;3.011467;3.011558;3.160928;/archive/images;D00372572_i_c55_r2182p01_immasked.fits;False
254;68882;20141028;372572;56;i;90.0;N;18.987888;19.287421;2.847908;2.9977;19.137589;2.922801;18.987888;18.988108;19.287421;19.28729;2.9977;2.848434;2.847908;2.997096;/archive/images;D00372572_i_c56_r2182p01_immasked.fits;False
255;68882;20141028;372572;57;i;90.0;N;19.298427;19.598289;2.847608;2.997151;19.448315;2.922352;19.298427;19.29859;19.598221;19.598289;2.997151;2.847954;2.847608;2.996791;/archive/images;D00372572_i_c57_r2182p01_immasked.fits;False
256;68882;20141028;372572;58;i;90.0;N;19.609742;19.909617;2.847437;2.996738;19.759621;2.922062;19.609742;19.609755;19.9094;19.909617;2.996629;2.847437;2.847538;2.996738;/archive/images;D00372572_i_c58_r2182p01_immasked.fits;False
257;68882;20141028;372572;59;i;90.0;N;19.920631;20.220308;2.847459;2.996871;20.070465;2.922166;19.920893;19.920631;20.219953;20.220308;2.996659;2.847459;2.847596;2.996871;/archive/images;D00372572_i_c59_r2182p01_immasked.fits;False
258;68882;20141028;372572;60;i;90.0;N;19.143431;19.44291;2.683743;2.83342;19.293124;2.758581;19.143431;19.143512;19.442877;19.44291;2.83342;2.68419;2.683743;2.832822;/archive/images;D00372572_i_c60_r2182p01_immasked.fits;False
259;68882;20141028;372572;62;i;90.0;N;19.765083;20.064799;2.683367;2.832657;19.914896;2.758086;19.765318;19.765083;20.064453;20.064799;2.832657;2.683586;2.683367;2.832581;/archive/images;D00372572_i_c62_r2182p01_immasked.fits;False
260;74877;20141127;382208;1;z;90.0;N;20.208662;20.508888;4.675402;4.824722;20.358721;4.750152;20.208834;20.208662;20.508731;20.508888;4.82461;4.675402;4.675653;4.824722;/archive/images;D00382208_z_c01_r2263p01_immasked.fits;False
261;74877;20141127;382208;3;z;90.0;N;20.831762;21.131892;4.674793;4.824583;20.981817;4.749786;20.831835;20.831762;21.131831;21.131892;4.824583;4.675512;4.674793;4.824001;/archive/images;D00382208_z_c03_r2263p01_immasked.fits;False
262;74877;20141127;382208;4;z;90.0;N;20.052828;20.352973;4.511196;4.660804;20.202809;4.58609;20.053071;20.052828;20.352716;20.352973;4.660456;4.511196;4.51161;4.660804;/archive/images;D00382208_z_c04_r2263p01_immasked.fits;False
263;74877;20141127;382208;5;z;90.0;N;20.364142;20.664542;4.511682;4.661026;20.514307;4.586476;20.364325;20.364142;20.664487;20.664542;4.660867;4.511682;4.511837;4.661026;/archive/images;D00382208_z_c05_r2263p01_immasked.fits;False
264;74877;20141127;382208;6;z;90.0;N;20.675806;20.976189;4.511218;4.660983;20.826023;4.586223;20.675964;20.675806;20.976154;20.976189;4.660983;4.511796;4.511218;4.660412;/archive/images;D00382208_z_c06_r2263p01_immasked.fits;False
265;74877;20141127;382208;7;z;90.0;N;20.98742;21.287335;4.510339;4.660394;21.137396;4.585462;20.98742;20.987452;21.287335;21.287317;4.660394;4.5112;4.510339;4.659607;/archive/images;D00382208_z_c07_r2263p01_immasked.fits;False
266;74877;20141127;382208;8;z;90.0;N;19.897308;20.197066;4.346608;4.496617;20.047066;4.421676;19.89744;19.897308;20.196866;20.197066;4.495976;4.346608;4.347236;4.496617;/archive/images;D00382208_z_c08_r2263p01_immasked.fits;False
267;74877;20141127;382208;9;z;90.0;N;20.208092;20.508597;4.347403;4.496889;20.358259;4.422249;20.208439;20.208092;20.508336;20.508597;4.496784;4.347403;4.347458;4.496889;/archive/images;D00382208_z_c09_r2263p01_immasked.fits;False
268;74877;20141127;382208;10;z;90.0;N;20.519725;20.820307;4.347268;4.49688;20.670012;4.422204;20.519878;20.519725;20.820285;20.820307;4.49688;4.347444;4.347268;4.496699;/archive/images;D00382208_z_c10_r2263p01_immasked.fits;False
269;74877;20141127;382208;11;z;90.0;N;20.831537;21.131787;4.34662;4.496761;20.981705;4.421796;20.8316;20.831537;21.131787;21.131757;4.496761;4.347329;4.34662;4.495999;/archive/images;D00382208_z_c11_r2263p01_immasked.fits;False
270;74877;20141127;382208;12;z;90.0;N;21.143187;21.442814;4.345522;4.495939;21.29302;4.420792;21.143187;21.143194;21.442753;21.442814;4.495939;4.346553;4.345522;4.494889;/archive/images;D00382208_z_c12_r2263p01_immasked.fits;False
271;74877;20141127;382208;13;z;90.0;N;19.74183;20.041241;4.182067;4.332001;19.891415;4.257059;19.741914;19.74183;20.041016;20.041241;4.331512;4.182067;4.182478;4.332001;/archive/images;D00382208_z_c13_r2263p01_immasked.fits;False
272;74877;20141127;382208;14;z;90.0;N;20.052191;20.352342;4.182739;4.332622;20.202134;4.257748;20.05243;20.052191;20.352137;20.352342;4.332263;4.182739;4.182982;4.332622;/archive/images;D00382208_z_c14_r2263p01_immasked.fits;False
273;74877;20141127;382208;15;z;90.0;N;20.363605;20.664266;4.183083;4.332776;20.513874;4.258032;20.363783;20.363605;20.664167;20.664266;4.332747;4.183098;4.183083;4.332776;/archive/images;D00382208_z_c15_r2263p01_immasked.fits;False
274;74877;20141127;382208;16;z;90.0;N;20.67556;20.976135;4.1825;4.332504;20.825869;4.257601;20.675628;20.67556;20.976135;20.97612;4.332504;4.182818;4.1825;4.332139;/archive/images;D00382208_z_c16_r2263p01_immasked.fits;False
275;74877;20141127;382208;17;z;90.0;N;20.987459;21.28745;4.181827;4.332293;21.137536;4.25713;20.987536;20.987459;21.287411;21.28745;4.332293;4.182654;4.181827;4.331352;/archive/images;D00382208_z_c17_r2263p01_immasked.fits;False
276;74877;20141127;382208;18;z;90.0;N;21.298922;21.59824;4.180926;4.331223;21.448593;4.2561;21.298922;21.298983;21.59816;21.59824;4.331223;4.181696;4.180926;4.330374;/archive/images;D00382208_z_c18_r2263p01_immasked.fits;False
277;74877;20141127;382208;19;z;90.0;N;19.741918;20.041113;4.017991;4.167974;19.891376;4.092995;19.741944;19.741918;20.041004;20.041113;4.167488;4.017991;4.018312;4.167974;/archive/images;D00382208_z_c19_r2263p01_immasked.fits;False
278;74877;20141127;382208;20;z;90.0;N;20.052075;20.352189;4.018147;4.168026;20.201983;4.09313;20.052244;20.052075;20.352025;20.352189;4.167815;4.018147;4.01821;4.168026;/archive/images;D00382208_z_c20_r2263p01_immasked.fits;False
279;74877;20141127;382208;21;z;90.0;N;20.363416;20.66411;4.018335;4.168237;20.513688;4.093388;20.363542;20.363416;20.664016;20.66411;4.168237;4.018417;4.018335;4.168212;/archive/images;D00382208_z_c21_r2263p01_immasked.fits;False
280;74877;20141127;382208;22;z;90.0;N;20.675406;20.976133;4.017993;4.168298;20.825786;4.093221;20.675555;20.675406;20.976013;20.976133;4.168298;4.018421;4.017993;4.167815;/archive/images;D00382208_z_c22_r2263p01_immasked.fits;False
281;74877;20141127;382208;23;z;90.0;N;20.987602;21.287638;4.017369;4.167796;21.137705;4.092627;20.987692;20.987602;21.287555;21.287638;4.167796;4.017975;4.017369;4.167042;/archive/images;D00382208_z_c23_r2263p01_immasked.fits;False
282;74877;20141127;382208;24;z;90.0;N;21.298779;21.598026;4.016594;4.167003;21.448429;4.091813;21.298856;21.298779;21.597861;21.598026;4.167003;4.017336;4.016594;4.166098;/archive/images;D00382208_z_c24_r2263p01_immasked.fits;False
283;74877;20141127;382208;25;z;90.0;N;19.586495;19.885515;3.853334;4.003138;19.736013;3.92824;19.586495;19.586608;19.885515;19.885489;4.002813;3.853334;3.853501;4.003138;/archive/images;D00382208_z_c25_r2263p01_immasked.fits;False
284;74877;20141127;382208;26;z;90.0;N;19.896808;20.19631;3.853682;4.00352;20.046381;3.928612;19.896824;19.896808;20.196251;20.19631;4.003331;3.853685;3.853682;4.00352;/archive/images;D00382208_z_c26_r2263p01_immasked.fits;False
285;74877;20141127;382208;27;z;90.0;N;20.207629;20.508056;3.853375;4.003382;20.357708;3.92847;20.207716;20.207629;20.507942;20.508056;4.003382;3.853542;3.853375;4.003334;/archive/images;D00382208_z_c27_r2263p01_immasked.fits;False
286;74877;20141127;382208;28;z;90.0;N;20.519579;20.820312;3.853388;4.003472;20.669901;3.928493;20.519619;20.519579;20.820247;20.820312;4.003472;3.853511;3.853388;4.003353;/archive/images;D00382208_z_c28_r2263p01_immasked.fits;False
287;74877;20141127;382208;29;z;90.0;N;20.831402;21.131828;3.852894;4.0031;20.981667;3.928031;20.831481;20.831402;21.131729;21.131828;4.0031;3.853148;3.852894;4.00273;/archive/images;D00382208_z_c29_r2263p01_immasked.fits;False
288;74877;20141127;382208;30;z;90.0;N;21.143312;21.44291;3.852465;4.002694;21.293199;3.927588;21.14343;21.143312;21.442749;21.44291;4.002694;3.852855;3.852465;4.002112;/archive/images;D00382208_z_c30_r2263p01_immasked.fits;False
289;74877;20141127;382208;31;z;90.0;N;21.453965;21.753055;3.852119;4.002183;21.603443;3.927157;21.454096;21.453965;21.752837;21.753055;4.002183;3.852539;3.852119;4.001603;/archive/images;D00382208_z_c31_r2263p01_immasked.fits;False
290;74877;20141127;382208;32;z;90.0;N;19.586496;19.885436;3.688988;3.838669;19.735953;3.763925;19.586496;19.58654;19.885436;19.885402;3.838669;3.689189;3.688988;3.838626;/archive/images;D00382208_z_c32_r2263p01_immasked.fits;False
291;74877;20141127;382208;33;z;90.0;N;19.896747;20.196203;3.688889;3.838771;20.046321;3.76392;19.896747;19.896828;20.196203;20.196182;3.838771;3.689129;3.688889;3.838724;/archive/images;D00382208_z_c33_r2263p01_immasked.fits;False
292;74877;20141127;382208;34;z;90.0;N;20.207523;20.507832;3.688706;3.838687;20.357566;3.76376;20.207523;20.207596;20.507824;20.507832;3.838687;3.688851;3.688706;3.838656;/archive/images;D00382208_z_c34_r2263p01_immasked.fits;False
293;74877;20141127;382208;35;z;90.0;N;20.519207;20.819913;3.688476;3.838629;20.6695;3.76359;20.519254;20.519207;20.819783;20.819913;3.838629;3.688675;3.688476;3.838433;/archive/images;D00382208_z_c35_r2263p01_immasked.fits;False
294;74877;20141127;382208;36;z;90.0;N;20.831055;21.1314;3.688271;3.838225;20.981261;3.763275;20.831075;20.831055;21.131294;21.1314;3.838225;3.688271;3.688313;3.838151;/archive/images;D00382208_z_c36_r2263p01_immasked.fits;False
295;74877;20141127;382208;37;z;90.0;N;21.142692;21.442337;3.688089;3.838125;21.292596;3.763099;21.142906;21.142692;21.44206;21.442337;3.838125;3.68829;3.688089;3.837729;/archive/images;D00382208_z_c37_r2263p01_immasked.fits;False
296;74877;20141127;382208;38;z;90.0;N;21.453473;21.752667;3.687569;3.837635;21.603018;3.762614;21.4538;21.453473;21.752321;21.752667;3.837635;3.687999;3.687569;3.837044;/archive/images;D00382208_z_c38_r2263p01_immasked.fits;False
297;74877;20141127;382208;39;z;90.0;N;19.74174;20.040929;3.524532;3.674274;19.891218;3.599483;19.74174;19.741979;20.040929;20.040705;3.674274;3.524765;3.524532;3.674198;/archive/images;D00382208_z_c39_r2263p01_immasked.fits;False
298;74877;20141127;382208;40;z;90.0;N;20.051981;20.351911;3.524153;3.674106;20.20182;3.599184;20.051981;20.052195;20.351911;20.351804;3.674106;3.524447;3.524153;3.673961;/archive/images;D00382208_z_c40_r2263p01_immasked.fits;False
299;74877;20141127;382208;41;z;90.0;N;20.363324;20.663798;3.524018;3.673998;20.513497;3.599031;20.363324;20.363434;20.663766;20.663798;3.673998;3.524189;3.524018;3.673886;/archive/images;D00382208_z_c41_r2263p01_immasked.fits;False
300;74877;20141127;382208;42;z;90.0;N;20.675187;20.975739;3.523708;3.67367;20.825436;3.598685;20.675256;20.675187;20.975528;20.975739;3.67367;3.523807;3.523708;3.673517;/archive/images;D00382208_z_c42_r2263p01_immasked.fits;False
301;74877;20141127;382208;43;z;90.0;N;20.986894;21.286948;3.523661;3.673475;21.136976;3.59855;20.987114;20.986894;21.286617;21.286948;3.673475;3.523665;3.523661;3.673323;/archive/images;D00382208_z_c43_r2263p01_immasked.fits;False
302;74877;20141127;382208;44;z;90.0;N;21.297838;21.597141;3.52352;3.673255;21.447532;3.598388;21.298182;21.297838;21.596768;21.597141;3.673255;3.523593;3.52352;3.673017;/archive/images;D00382208_z_c44_r2263p01_immasked.fits;False
303;74877;20141127;382208;45;z;90.0;N;19.741908;20.041181;3.360385;3.510096;19.891449;3.435312;19.741908;19.742186;20.041181;20.040865;3.510096;3.360652;3.360385;3.509898;/archive/images;D00382208_z_c45_r2263p01_immasked.fits;False
304;74877;20141127;382208;46;z;90.0;N;20.051944;20.351817;3.359811;3.509711;20.201771;3.43479;20.051944;20.052258;20.351817;20.351646;3.509711;3.360202;3.359811;3.509441;/archive/images;D00382208_z_c46_r2263p01_immasked.fits;False
305;74877;20141127;382208;47;z;90.0;N;20.363375;20.66369;3.359324;3.509368;20.513436;3.434342;20.363375;20.363437;20.663564;20.66369;3.509368;3.359741;3.359324;3.508993;/archive/images;D00382208_z_c47_r2263p01_immasked.fits;False
306;74877;20141127;382208;48;z;90.0;N;20.67479;20.975143;3.359248;3.508926;20.824924;3.43408;20.674817;20.67479;20.974928;20.975143;3.508926;3.359248;3.359282;3.50891;/archive/images;D00382208_z_c48_r2263p01_immasked.fits;False
307;74877;20141127;382208;49;z;90.0;N;20.98655;21.286553;3.359298;3.508921;21.136586;3.434116;20.986843;20.98655;21.286118;21.286553;3.508921;3.359298;3.359369;3.508875;/archive/images;D00382208_z_c49_r2263p01_immasked.fits;False
308;74877;20141127;382208;50;z;90.0;N;21.297431;21.596777;3.359429;3.508945;21.447124;3.434231;21.297843;21.297431;21.596391;21.596777;3.508945;3.359429;3.359446;3.508885;/archive/images;D00382208_z_c50_r2263p01_immasked.fits;False
309;74877;20141127;382208;51;z;90.0;N;19.897436;20.19684;3.195727;3.345684;20.047045;3.270739;19.897436;19.897671;20.19684;20.19664;3.345684;3.196321;3.195727;3.345096;/archive/images;D00382208_z_c51_r2263p01_immasked.fits;False
310;74877;20141127;382208;52;z;90.0;N;20.207908;20.507852;3.195389;3.345214;20.357822;3.270297;20.207908;20.208161;20.507852;20.507793;3.345214;3.195844;3.195389;3.344806;/archive/images;D00382208_z_c52_r2263p01_immasked.fits;False
311;74877;20141127;382208;53;z;90.0;N;20.519303;20.8195;3.195203;3.34486;20.669315;3.270001;20.519303;20.519325;20.819286;20.8195;3.34486;3.195445;3.195203;3.344622;/archive/images;D00382208_z_c53_r2263p01_immasked.fits;False
312;74877;20141127;382208;54;z;90.0;N;20.830516;21.130655;3.195007;3.344439;20.980571;3.26969;20.830763;20.830516;21.130208;21.130655;3.344439;3.195019;3.195007;3.344371;/archive/images;D00382208_z_c54_r2263p01_immasked.fits;False
313;74877;20141127;382208;55;z;90.0;N;21.14156;21.441153;3.195157;3.344636;21.291383;3.269929;21.141964;21.14156;21.440711;21.441153;3.344523;3.195157;3.195279;3.344636;/archive/images;D00382208_z_c55_r2263p01_immasked.fits;False
314;74877;20141127;382208;56;z;90.0;N;20.052933;20.352481;3.031573;3.181334;20.202644;3.10645;20.052933;20.053166;20.352481;20.352346;3.181334;3.032094;3.031573;3.180738;/archive/images;D00382208_z_c56_r2263p01_immasked.fits;False
315;74877;20141127;382208;57;z;90.0;N;20.363482;20.663355;3.031286;3.180798;20.513375;3.106011;20.363482;20.363652;20.663283;20.663355;3.180798;3.031622;3.031286;3.180453;/archive/images;D00382208_z_c57_r2263p01_immasked.fits;False
316;74877;20141127;382208;58;z;90.0;N;20.674808;20.974682;3.031113;3.180418;20.824682;3.105741;20.674808;20.674816;20.974455;20.974682;3.180289;3.031113;3.031239;3.180418;/archive/images;D00382208_z_c58_r2263p01_immasked.fits;False
317;74877;20141127;382208;59;z;90.0;N;20.985687;21.285364;3.03116;3.18058;21.135522;3.105869;20.985957;20.985687;21.284991;21.285364;3.180342;3.03116;3.031329;3.18058;/archive/images;D00382208_z_c59_r2263p01_immasked.fits;False
318;74877;20141127;382208;60;z;90.0;N;20.208491;20.507973;2.867447;3.017082;20.358188;2.942262;20.208491;20.208582;20.50794;20.507973;3.017082;2.867884;2.867447;3.016496;/archive/images;D00382208_z_c60_r2263p01_immasked.fits;False
319;74877;20141127;382208;62;z;90.0;N;20.830137;21.129847;2.867113;3.016358;20.979948;2.941803;20.830375;20.830137;21.129492;21.129847;3.016358;2.867302;2.867113;3.016298;/archive/images;D00382208_z_c62_r2263p01_immasked.fits;False
320;214227;20150926;478978;1;Y;45.0;N;22.40437;22.704626;4.778922;4.928353;22.554443;4.853728;22.404484;22.40437;22.704532;22.704626;4.928156;4.778922;4.779254;4.928353;/archive/images;D00478978_Y_c01_r2373p01_immasked.fits;False
321;214227;20150926;478978;3;Y;45.0;N;23.027673;23.327833;4.778538;4.928284;23.177743;4.853508;23.027682;23.027673;23.327833;23.32783;4.928284;4.779189;4.778538;4.927766;/archive/images;D00478978_Y_c03_r2373p01_immasked.fits;False
322;214227;20150926;478978;4;Y;45.0;N;22.248559;22.54873;4.614655;4.76437;22.398551;4.689602;22.248738;22.248559;22.548538;22.54873;4.763939;4.614655;4.615146;4.76437;/archive/images;D00478978_Y_c04_r2373p01_immasked.fits;False
323;214227;20150926;478978;5;Y;45.0;N;22.559969;22.860409;4.615224;4.764662;22.710146;4.690065;22.560087;22.559969;22.860409;22.860401;4.76443;4.615224;4.615453;4.764662;/archive/images;D00478978_Y_c05_r2373p01_immasked.fits;False
324;214227;20150926;478978;6;Y;45.0;N;22.871732;23.172177;4.614907;4.764624;23.021966;4.689888;22.87183;22.871732;23.172177;23.172151;4.764624;4.615416;4.614907;4.764125;/archive/images;D00478978_Y_c06_r2373p01_immasked.fits;False
325;214227;20150926;478978;7;Y;45.0;N;23.183383;23.483454;4.614099;4.764108;23.333439;4.689197;23.183383;23.183478;23.483454;23.48337;4.764108;4.61489;4.614099;4.763378;/archive/images;D00478978_Y_c07_r2373p01_immasked.fits;False
326;214227;20150926;478978;8;Y;45.0;N;22.093061;22.392848;4.450007;4.600116;22.24283;4.525125;22.093135;22.093061;22.392704;22.392848;4.599396;4.450007;4.45071;4.600116;/archive/images;D00478978_Y_c08_r2373p01_immasked.fits;False
327;214227;20150926;478978;9;Y;45.0;N;22.403934;22.704471;4.450886;4.600461;22.554117;4.525777;22.404222;22.403934;22.704274;22.704471;4.600284;4.450886;4.451005;4.600461;/archive/images;D00478978_Y_c09_r2373p01_immasked.fits;False
328;214227;20150926;478978;10;Y;45.0;N;22.715668;23.016321;4.450894;4.600456;22.86597;4.525805;22.715754;22.715668;23.016321;23.016285;4.600456;4.450998;4.450894;4.600348;/archive/images;D00478978_Y_c10_r2373p01_immasked.fits;False
329;214227;20150926;478978;11;Y;45.0;N;23.027576;23.327921;4.450321;4.600412;23.177765;4.52547;23.02758;23.027576;23.327921;23.327836;4.600412;4.450953;4.450321;4.599722;/archive/images;D00478978_Y_c11_r2373p01_immasked.fits;False
330;214227;20150926;478978;12;Y;45.0;N;23.339268;23.63899;4.449287;4.599663;23.489178;4.52454;23.339268;23.33933;23.63899;23.638988;4.599663;4.450257;4.449287;4.598678;/archive/images;D00478978_Y_c12_r2373p01_immasked.fits;False
331;214227;20150926;478978;13;Y;45.0;N;21.937606;22.237043;4.285395;4.435437;22.087203;4.360443;21.93763;21.937606;22.23688;22.237043;4.434863;4.285395;4.285888;4.435437;/archive/images;D00478978_Y_c13_r2373p01_immasked.fits;False
332;214227;20150926;478978;14;Y;45.0;N;22.248056;22.548235;4.286151;4.436137;22.398011;4.361211;22.248237;22.248056;22.548088;22.548235;4.435701;4.286151;4.286472;4.436137;/archive/images;D00478978_Y_c14_r2373p01_immasked.fits;False
333;214227;20150926;478978;15;Y;45.0;N;22.559563;22.860258;4.28659;4.436366;22.709848;4.361574;22.559677;22.559563;22.860225;22.860258;4.436262;4.28659;4.286645;4.436366;/archive/images;D00478978_Y_c15_r2373p01_immasked.fits;False
334;214227;20150926;478978;16;Y;45.0;N;22.871619;23.172286;4.286137;4.436096;23.021944;4.361216;22.871626;22.871619;23.172286;23.172214;4.436096;4.286383;4.286137;4.4358;/archive/images;D00478978_Y_c16_r2373p01_immasked.fits;False
335;214227;20150926;478978;17;Y;45.0;N;23.183615;23.483658;4.285537;4.435959;23.333708;4.360816;23.183634;23.183615;23.483658;23.483641;4.435959;4.286296;4.285537;4.435083;/archive/images;D00478978_Y_c17_r2373p01_immasked.fits;False
336;214227;20150926;478978;18;Y;45.0;N;23.495119;23.794531;4.284703;4.434956;23.644865;4.359857;23.495119;23.495235;23.794514;23.794531;4.434956;4.28541;4.284703;4.434174;/archive/images;D00478978_Y_c18_r2373p01_immasked.fits;False
337;214227;20150926;478978;19;Y;45.0;N;21.937724;22.236982;4.121292;4.271382;22.087229;4.196349;21.937724;21.93776;22.23693;22.236982;4.270816;4.121292;4.121694;4.271382;/archive/images;D00478978_Y_c19_r2373p01_immasked.fits;False
338;214227;20150926;478978;20;Y;45.0;N;22.248005;22.548149;4.121537;4.271512;22.397925;4.196567;22.248114;22.248005;22.548044;22.548149;4.271227;4.121537;4.121674;4.271512;/archive/images;D00478978_Y_c20_r2373p01_immasked.fits;False
339;214227;20150926;478978;21;Y;45.0;N;22.559437;22.86017;4.121875;4.271774;22.709729;4.196904;22.559505;22.559437;22.860133;22.86017;4.271726;4.121882;4.121875;4.271774;/archive/images;D00478978_Y_c21_r2373p01_immasked.fits;False
340;214227;20150926;478978;22;Y;45.0;N;22.871528;23.172289;4.121605;4.271865;23.021924;4.196811;22.871622;22.871528;23.172228;23.172289;4.271865;4.121963;4.121605;4.271454;/archive/images;D00478978_Y_c22_r2373p01_immasked.fits;False
341;214227;20150926;478978;23;Y;45.0;N;23.183817;23.483894;4.121052;4.271439;23.333941;4.19629;23.183853;23.183817;23.483867;23.483894;4.271439;4.121593;4.121052;4.270748;/archive/images;D00478978_Y_c23_r2373p01_immasked.fits;False
342;214227;20150926;478978;24;Y;45.0;N;23.495091;23.794381;4.120351;4.270711;23.644765;4.195545;23.495118;23.495091;23.79427;23.794381;4.270711;4.121022;4.120351;4.269878;/archive/images;D00478978_Y_c24_r2373p01_immasked.fits;False
343;214227;20150926;478978;25;Y;45.0;N;21.782306;22.081459;3.956569;4.106477;21.931886;4.031524;21.782306;21.782474;22.081459;22.081378;4.106074;3.956569;3.956815;4.106477;/archive/images;D00478978_Y_c25_r2373p01_immasked.fits;False
344;214227;20150926;478978;26;Y;45.0;N;22.092714;22.392286;3.957005;4.106942;22.242341;4.031981;22.092714;22.092756;22.392286;22.392286;4.10667;3.957005;3.95708;4.106942;/archive/images;D00478978_Y_c26_r2373p01_immasked.fits;False
345;214227;20150926;478978;27;Y;45.0;N;22.403666;22.704132;3.956855;4.106832;22.553762;4.031921;22.403695;22.403666;22.704075;22.704132;4.106808;3.956941;3.956855;4.106832;/archive/images;D00478978_Y_c27_r2373p01_immasked.fits;False
346;214227;20150926;478978;28;Y;45.0;N;22.715699;23.016482;3.956942;4.106972;22.866055;4.032021;22.715699;22.715715;23.016472;23.016482;4.106972;3.95699;3.956942;4.106927;/archive/images;D00478978_Y_c28_r2373p01_immasked.fits;False
347;214227;20150926;478978;29;Y;45.0;N;23.027632;23.3281;3.956524;4.106673;23.177914;4.031632;23.027655;23.027632;23.328051;23.3281;4.106673;3.956708;3.956524;4.106381;/archive/images;D00478978_Y_c29_r2373p01_immasked.fits;False
348;214227;20150926;478978;30;Y;45.0;N;23.339638;23.639281;3.95616;4.106346;23.489546;4.031264;23.339704;23.339638;23.639174;23.639281;4.106346;3.956485;3.95616;4.105826;/archive/images;D00478978_Y_c30_r2373p01_immasked.fits;False
349;214227;20150926;478978;31;Y;45.0;N;23.650392;23.949525;3.955881;4.105907;23.799889;4.030899;23.650468;23.650392;23.949361;23.949525;4.105907;3.956242;3.955881;4.105389;/archive/images;D00478978_Y_c31_r2373p01_immasked.fits;False
350;214227;20150926;478978;32;Y;45.0;N;21.782371;22.081443;3.792278;3.941936;21.931893;3.867188;21.782371;21.782472;22.081443;22.081351;3.941903;3.792405;3.792278;3.941936;/archive/images;D00478978_Y_c32_r2373p01_immasked.fits;False
351;214227;20150926;478978;33;Y;45.0;N;22.0927;22.392294;3.792258;3.942119;22.242343;3.867262;22.0927;22.092838;22.392294;22.392222;3.942086;3.792423;3.792258;3.942119;/archive/images;D00478978_Y_c33_r2373p01_immasked.fits;False
352;214227;20150926;478978;34;Y;45.0;N;22.403565;22.704015;3.792159;3.94213;22.553682;3.867184;22.403565;22.403694;22.704015;22.703972;3.942086;3.792222;3.792159;3.94213;/archive/images;D00478978_Y_c34_r2373p01_immasked.fits;False
353;214227;20150926;478978;35;Y;45.0;N;22.715394;23.016146;3.792007;3.942108;22.865717;3.867092;22.715394;22.715404;23.01607;23.016146;3.942108;3.792128;3.792007;3.941983;/archive/images;D00478978_Y_c35_r2373p01_immasked.fits;False
354;214227;20150926;478978;36;Y;45.0;N;23.027312;23.327725;3.791805;3.941778;23.177568;3.866853;23.027312;23.027348;23.327678;23.327725;3.941778;3.791805;3.791906;3.941773;/archive/images;D00478978_Y_c36_r2373p01_immasked.fits;False
355;214227;20150926;478978;37;Y;45.0;N;23.339077;23.63877;3.791762;3.941753;23.489004;3.866748;23.339237;23.339077;23.638545;23.63877;3.941753;3.791892;3.791762;3.941425;/archive/images;D00478978_Y_c37_r2373p01_immasked.fits;False
356;214227;20150926;478978;38;Y;45.0;N;23.649961;23.949193;3.79131;3.941333;23.799526;3.866334;23.650234;23.649961;23.948901;23.949193;3.941333;3.791673;3.79131;3.940804;/archive/images;D00478978_Y_c38_r2373p01_immasked.fits;False
357;214227;20150926;478978;39;Y;45.0;N;21.937714;22.237039;3.627839;3.777528;22.087263;3.702762;21.937714;21.938008;22.237039;22.236762;3.777528;3.627995;3.627839;3.777528;/archive/images;D00478978_Y_c39_r2373p01_immasked.fits;False
358;214227;20150926;478978;40;Y;45.0;N;22.248038;22.548112;3.627543;3.777436;22.397949;3.702541;22.248038;22.24831;22.548112;22.547954;3.777436;3.627758;3.627543;3.777368;/archive/images;D00478978_Y_c40_r2373p01_immasked.fits;False
359;214227;20150926;478978;41;Y;45.0;N;22.559476;22.860069;3.627481;3.777407;22.709723;3.70247;22.559476;22.55964;22.860069;22.860047;3.777407;3.627576;3.627481;3.777373;/archive/images;D00478978_Y_c41_r2373p01_immasked.fits;False
360;214227;20150926;478978;42;Y;45.0;N;22.871492;23.172078;3.627248;3.777164;23.021759;3.702199;22.871507;22.871492;23.171919;23.172078;3.777164;3.627272;3.627248;3.777081;/archive/images;D00478978_Y_c42_r2373p01_immasked.fits;False
361;214227;20150926;478978;43;Y;45.0;N;23.183293;23.483386;3.62721;3.777037;23.333389;3.702138;23.183456;23.183293;23.483109;23.483386;3.777037;3.62721;3.627269;3.776959;/archive/images;D00478978_Y_c43_r2373p01_immasked.fits;False
362;214227;20150926;478978;44;Y;45.0;N;23.494333;23.79368;3.627199;3.776895;23.644048;3.702046;23.494623;23.494333;23.793361;23.79368;3.776895;3.627208;3.627199;3.776721;/archive/images;D00478978_Y_c44_r2373p01_immasked.fits;False
363;214227;20150926;478978;45;Y;45.0;N;21.937952;22.237352;3.46367;3.613315;22.087557;3.538566;21.937952;21.938282;22.237352;22.236978;3.613315;3.463865;3.46367;3.613199;/archive/images;D00478978_Y_c45_r2373p01_immasked.fits;False
364;214227;20150926;478978;46;Y;45.0;N;22.248066;22.548079;3.46317;3.613016;22.397962;3.538125;22.248066;22.248431;22.548079;22.547853;3.613016;3.463483;3.46317;3.612825;/archive/images;D00478978_Y_c46_r2373p01_immasked.fits;False
365;214227;20150926;478978;47;Y;45.0;N;22.559587;22.859997;3.462762;3.612755;22.709721;3.537754;22.559587;22.559704;22.859922;22.859997;3.612755;3.463105;3.462762;3.612458;/archive/images;D00478978_Y_c47_r2373p01_immasked.fits;False
366;214227;20150926;478978;48;Y;45.0;N;22.871127;23.171542;3.462689;3.61245;23.021304;3.537569;22.871127;22.87115;23.171376;23.171542;3.612391;3.462689;3.462793;3.61245;/archive/images;D00478978_Y_c48_r2373p01_immasked.fits;False
367;214227;20150926;478978;49;Y;45.0;N;23.183005;23.48305;3.462811;3.612484;23.333058;3.537679;23.183247;23.183005;23.482664;23.48305;3.612461;3.462811;3.462958;3.612484;/archive/images;D00478978_Y_c49_r2373p01_immasked.fits;False
368;214227;20150926;478978;50;Y;45.0;N;23.49398;23.793375;3.463016;3.612563;23.643697;3.537865;23.494344;23.49398;23.793037;23.793375;3.612556;3.463016;3.463107;3.612563;/archive/images;D00478978_Y_c50_r2373p01_immasked.fits;False
369;214227;20150926;478978;51;Y;45.0;N;22.093576;22.393119;3.299023;3.448926;22.243252;3.37401;22.093576;22.093868;22.393119;22.392864;3.448926;3.299547;3.299023;3.448415;/archive/images;D00478978_Y_c51_r2373p01_immasked.fits;False
370;214227;20150926;478978;52;Y;45.0;N;22.404133;22.70422;3.298761;3.448534;22.554118;3.373646;22.404133;22.404443;22.70422;22.704108;3.448534;3.299145;3.298761;3.448207;/archive/images;D00478978_Y_c52_r2373p01_immasked.fits;False
371;214227;20150926;478978;53;Y;45.0;N;22.715624;23.015909;3.298659;3.448262;22.865706;3.373429;22.715624;22.715696;23.015744;23.015909;3.448262;3.29882;3.298659;3.448096;/archive/images;D00478978_Y_c53_r2373p01_immasked.fits;False
372;214227;20150926;478978;54;Y;45.0;N;23.026978;23.327159;3.298476;3.447918;23.177053;3.373193;23.027179;23.026978;23.326757;23.327159;3.447918;3.298476;3.298533;3.447917;/archive/images;D00478978_Y_c54_r2373p01_immasked.fits;False
373;214227;20150926;478978;55;Y;45.0;N;23.338114;23.637752;3.298685;3.448256;23.487961;3.373504;23.338467;23.338114;23.637356;23.637752;3.448074;3.298685;3.298881;3.448256;/archive/images;D00478978_Y_c55_r2373p01_immasked.fits;False
374;214227;20150926;478978;56;Y;45.0;N;22.249176;22.54886;3.134887;3.28459;22.398954;3.209737;22.249176;22.249461;22.54886;22.548672;3.28459;3.135336;3.134887;3.284074;/archive/images;D00478978_Y_c56_r2373p01_immasked.fits;False
375;214227;20150926;478978;57;Y;45.0;N;22.559813;22.859773;3.134672;3.284133;22.709773;3.209375;22.559813;22.56003;22.859751;22.859773;3.284133;3.134937;3.134672;3.283866;/archive/images;D00478978_Y_c57_r2373p01_immasked.fits;False
376;214227;20150926;478978;58;Y;45.0;N;22.871227;23.17119;3.134506;3.283909;23.021173;3.209182;22.871227;22.871287;23.171016;23.17119;3.283708;3.134506;3.134703;3.283909;/archive/images;D00478978_Y_c58_r2373p01_immasked.fits;False
377;214227;20150926;478978;59;Y;45.0;N;23.182249;23.481969;3.134629;3.284137;23.332104;3.209386;23.182474;23.182249;23.481643;23.481969;3.283834;3.134629;3.134873;3.284137;/archive/images;D00478978_Y_c59_r2373p01_immasked.fits;False
378;214227;20150926;478978;60;Y;45.0;N;22.404834;22.704421;2.970775;3.12036;22.554599;3.045564;22.404834;22.404982;22.704421;22.704399;3.12036;2.971146;2.970775;3.119842;/archive/images;D00478978_Y_c60_r2373p01_immasked.fits;False
379;214227;20150926;478978;62;Y;45.0;N;23.026706;23.326458;2.970594;3.119805;23.176537;3.04526;23.026897;23.026706;23.326146;23.326458;3.119786;2.970715;2.970594;3.119805;/archive/images;D00478978_Y_c62_r2373p01_immasked.fits;False
380;261530;20151016;484893;1;r;90.0;N;19.176243;19.475998;3.240794;3.390143;19.326068;3.315551;19.176422;19.176243;19.475839;19.475998;3.390046;3.240794;3.241039;3.390143;/archive/images;D00484893_r_c01_r2374p01_immasked.fits;False
381;261530;20151016;484893;3;r;90.0;N;19.798357;20.097988;3.240305;3.390035;19.948162;3.315261;19.798413;19.798357;20.097954;20.097988;3.390035;3.240936;3.240305;3.389552;/archive/images;D00484893_r_c03_r2374p01_immasked.fits;False
382;261530;20151016;484893;4;r;90.0;N;19.020627;19.320327;3.076598;3.226186;19.170389;3.151475;19.020883;19.020627;19.320064;19.320327;3.225879;3.076598;3.076971;3.226186;/archive/images;D00484893_r_c04_r2374p01_immasked.fits;False
383;261530;20151016;484893;5;r;90.0;N;19.331472;19.631405;3.077047;3.226421;19.481407;3.151852;19.331661;19.331472;19.631357;19.631405;3.226249;3.077047;3.077215;3.226421;/archive/images;D00484893_r_c05_r2374p01_immasked.fits;False
384;261530;20151016;484893;6;r;90.0;N;19.642657;19.942557;3.076658;3.226381;19.792635;3.151637;19.642811;19.642657;19.942542;19.942557;3.226381;3.077178;3.076658;3.225871;/archive/images;D00484893_r_c06_r2374p01_immasked.fits;False
385;261530;20151016;484893;7;r;90.0;N;19.953767;20.25326;3.075885;3.225858;20.103527;3.150959;19.953767;19.953825;20.25326;20.253202;3.225858;3.076642;3.075885;3.225177;/archive/images;D00484893_r_c07_r2374p01_immasked.fits;False
386;261530;20151016;484893;8;r;90.0;N;18.865296;19.164649;2.912028;3.061992;19.014858;2.98707;18.86546;18.865296;19.164426;19.164649;3.061413;2.912028;2.912604;3.061992;/archive/images;D00484893_r_c08_r2374p01_immasked.fits;False
387;261530;20151016;484893;9;r;90.0;N;19.175638;19.475703;2.912775;3.062252;19.325589;2.987611;19.176004;19.175638;19.475442;19.475703;3.062156;2.912775;2.912814;3.062252;/archive/images;D00484893_r_c09_r2374p01_immasked.fits;False
388;261530;20151016;484893;10;r;90.0;N;19.486813;19.786937;2.912662;3.062244;19.636876;2.987578;19.486967;19.486813;19.786926;19.786937;3.062244;2.912804;2.912662;3.062103;/archive/images;D00484893_r_c10_r2374p01_immasked.fits;False
389;261530;20151016;484893;11;r;90.0;N;19.798161;20.097974;2.912088;3.062163;19.948098;2.987228;19.798212;19.798161;20.097974;20.097914;3.062163;2.912722;2.912088;3.061484;/archive/images;D00484893_r_c11_r2374p01_immasked.fits;False
390;261530;20151016;484893;12;r;90.0;N;20.109327;20.408525;2.911106;3.061431;20.258959;2.986326;20.109327;20.109361;20.408506;20.408525;3.061431;2.912025;2.911106;3.060502;/archive/images;D00484893_r_c12_r2374p01_immasked.fits;False
391;261530;20151016;484893;13;r;90.0;N;18.709969;19.009027;2.747512;2.89739;18.859389;2.822474;18.710098;18.709969;19.00877;19.009027;2.896968;2.747512;2.747862;2.89739;/archive/images;D00484893_r_c13_r2374p01_immasked.fits;False
392;261530;20151016;484893;14;r;90.0;N;19.019931;19.319674;2.748119;2.897979;19.169674;2.823114;19.020199;19.019931;19.319456;19.319674;2.89765;2.748119;2.748335;2.897979;/archive/images;D00484893_r_c14_r2374p01_immasked.fits;False
393;261530;20151016;484893;15;r;90.0;N;19.330908;19.631141;2.748448;2.898148;19.480969;2.823391;19.331097;19.330908;19.631049;19.631141;2.898106;2.748453;2.748448;2.898148;/archive/images;D00484893_r_c15_r2374p01_immasked.fits;False
394;261530;20151016;484893;16;r;90.0;N;19.642424;19.942572;2.747911;2.897879;19.792511;2.82299;19.642488;19.642424;19.942572;19.942538;2.897879;2.748184;2.747911;2.897566;/archive/images;D00484893_r_c16_r2374p01_immasked.fits;False
395;261530;20151016;484893;17;r;90.0;N;19.953883;20.253419;2.747333;2.897719;20.103732;2.822591;19.953938;19.953883;20.253418;20.253419;2.897719;2.74807;2.747333;2.896873;/archive/images;D00484893_r_c17_r2374p01_immasked.fits;False
396;261530;20151016;484893;18;r;90.0;N;20.264875;20.563804;2.746568;2.896749;20.414365;2.821682;20.264875;20.264974;20.563779;20.563804;2.896749;2.747208;2.746568;2.896043;/archive/images;D00484893_r_c18_r2374p01_immasked.fits;False
397;261530;20151016;484893;19;r;90.0;N;18.710002;19.008864;2.583423;2.733352;18.859303;2.658395;18.710079;18.710002;19.008716;19.008864;2.732932;2.583423;2.583685;2.733352;/archive/images;D00484893_r_c19_r2374p01_immasked.fits;False
398;261530;20151016;484893;20;r;90.0;N;19.019773;19.319508;2.58352;2.73338;19.169496;2.65849;19.019982;19.019773;19.319326;19.319508;2.733192;2.58352;2.583557;2.73338;/archive/images;D00484893_r_c20_r2374p01_immasked.fits;False
399;261530;20151016;484893;21;r;90.0;N;19.330702;19.630991;2.583695;2.73359;19.480777;2.658742;19.330844;19.330702;19.6309;19.630991;2.73359;2.583767;2.583695;2.733578;/archive/images;D00484893_r_c21_r2374p01_immasked.fits;False
400;261530;20151016;484893;22;r;90.0;N;19.642275;19.942572;2.583398;2.733666;19.792445;2.658605;19.64242;19.642275;19.942478;19.942572;2.733666;2.583782;2.583398;2.733227;/archive/images;D00484893_r_c22_r2374p01_immasked.fits;False
401;261530;20151016;484893;23;r;90.0;N;19.954047;20.253652;2.582861;2.73321;20.103936;2.658076;19.954118;19.954047;20.253608;20.253652;2.73321;2.583384;2.582861;2.732547;/archive/images;D00484893_r_c23_r2374p01_immasked.fits;False
402;261530;20151016;484893;24;r;90.0;N;20.264816;20.563648;2.58222;2.732511;20.414254;2.657373;20.264855;20.264816;20.563536;20.563648;2.732511;2.582832;2.58222;2.731739;/archive/images;D00484893_r_c24_r2374p01_immasked.fits;False
403;261530;20151016;484893;25;r;90.0;N;18.554741;18.853398;2.418796;2.568536;18.70407;2.493667;18.554741;18.554786;18.853374;18.853398;2.568293;2.418796;2.418891;2.568536;/archive/images;D00484893_r_c25_r2374p01_immasked.fits;False
404;261530;20151016;484893;26;r;90.0;N;18.864655;19.163815;2.419026;2.568877;19.014062;2.493977;18.864717;18.864655;19.163727;19.163815;2.568724;2.419073;2.419026;2.568877;/archive/images;D00484893_r_c26_r2374p01_immasked.fits;False
405;261530;20151016;484893;27;r;90.0;N;19.175088;19.475148;2.418717;2.568737;19.32499;2.493813;19.175202;19.175088;19.475026;19.475148;2.568737;2.418886;2.418717;2.56868;/archive/images;D00484893_r_c27_r2374p01_immasked.fits;False
406;261530;20151016;484893;28;r;90.0;N;19.486648;19.786985;2.418759;2.568818;19.636779;2.493848;19.486696;19.486648;19.786932;19.786985;2.568818;2.418853;2.418759;2.568727;/archive/images;D00484893_r_c28_r2374p01_immasked.fits;False
407;261530;20151016;484893;29;r;90.0;N;19.798075;20.09809;2.41833;2.568476;19.948134;2.493432;19.798141;19.798075;20.098017;20.09809;2.568476;2.418522;2.41833;2.568173;/archive/images;D00484893_r_c29_r2374p01_immasked.fits;False
408;261530;20151016;484893;30;r;90.0;N;20.109587;20.408772;2.418;2.56814;20.259269;2.493076;20.109674;20.109587;20.408662;20.408772;2.56814;2.418291;2.418;2.56766;/archive/images;D00484893_r_c30_r2374p01_immasked.fits;False
409;261530;20151016;484893;31;r;90.0;N;20.419868;20.718582;2.417792;2.567735;20.569147;2.492768;20.419943;20.419868;20.718439;20.718582;2.567735;2.418079;2.417792;2.567302;/archive/images;D00484893_r_c31_r2374p01_immasked.fits;False
410;261530;20151016;484893;32;r;90.0;N;18.554633;18.853255;2.254363;2.404128;18.703945;2.329339;18.554668;18.554633;18.853235;18.853255;2.404128;2.254631;2.254363;2.404012;/archive/images;D00484893_r_c32_r2374p01_immasked.fits;False
411;261530;20151016;484893;33;r;90.0;N;18.864586;19.163652;2.254224;2.404159;19.013959;2.329276;18.864586;18.864617;19.163639;19.163652;2.404159;2.254505;2.254224;2.404067;/archive/images;D00484893_r_c33_r2374p01_immasked.fits;False
412;261530;20151016;484893;34;r;90.0;N;19.17498;19.474916;2.254035;2.40403;19.324825;2.329093;19.17498;19.175021;19.474893;19.474916;2.40403;2.254186;2.254035;2.403996;/archive/images;D00484893_r_c34_r2374p01_immasked.fits;False
413;261530;20151016;484893;35;r;90.0;N;19.486264;19.7866;2.253835;2.403969;19.636381;2.328936;19.486321;19.486264;19.786483;19.7866;2.403969;2.254006;2.253835;2.403798;/archive/images;D00484893_r_c35_r2374p01_immasked.fits;False
414;261530;20151016;484893;36;r;90.0;N;19.797741;20.097691;2.253633;2.403595;19.947753;2.328665;19.797749;19.797741;20.097618;20.097691;2.403595;2.253633;2.25373;2.403582;/archive/images;D00484893_r_c36_r2374p01_immasked.fits;False
415;261530;20151016;484893;37;r;90.0;N;20.109001;20.408258;2.253605;2.40356;20.258712;2.328571;20.109184;20.109001;20.40803;20.408258;2.40356;2.253712;2.253605;2.403261;/archive/images;D00484893_r_c37_r2374p01_immasked.fits;False
416;261530;20151016;484893;38;r;90.0;N;20.419433;20.718271;2.253214;2.40317;20.568794;2.328204;20.419707;20.419433;20.718002;20.718271;2.40317;2.253517;2.253214;2.402712;/archive/images;D00484893_r_c38_r2374p01_immasked.fits;False
417;261530;20151016;484893;39;r;90.0;N;18.709689;19.008501;2.089876;2.239675;18.85898;2.164853;18.709689;18.709856;19.008501;19.008324;2.239675;2.090153;2.089876;2.23955;/archive/images;D00484893_r_c39_r2374p01_immasked.fits;False
418;261530;20151016;484893;40;r;90.0;N;19.019586;19.319136;2.089472;2.239455;19.169231;2.164513;19.019586;19.019755;19.319136;19.319058;2.239455;2.089789;2.089472;2.239292;/archive/images;D00484893_r_c40_r2374p01_immasked.fits;False
419;261530;20151016;484893;41;r;90.0;N;19.330562;19.630684;2.089346;2.239326;19.480553;2.164354;19.330562;19.330648;19.63065;19.630684;2.239326;2.089503;2.089346;2.239224;/archive/images;D00484893_r_c41_r2374p01_immasked.fits;False
420;261530;20151016;484893;42;r;90.0;N;19.642056;19.94225;2.089076;2.239012;19.792133;2.164036;19.642129;19.642056;19.942059;19.94225;2.239012;2.089133;2.089076;2.238899;/archive/images;D00484893_r_c42_r2374p01_immasked.fits;False
421;261530;20151016;484893;43;r;90.0;N;19.953414;20.253096;2.089038;2.238857;20.103309;2.16396;19.95361;19.953414;20.252803;20.253096;2.238857;2.089038;2.089107;2.238783;/archive/images;D00484893_r_c43_r2374p01_immasked.fits;False
422;261530;20151016;484893;44;r;90.0;N;20.264013;20.562963;2.08904;2.238719;20.413528;2.163893;20.264317;20.264013;20.562656;20.562963;2.238719;2.08904;2.089064;2.238591;/archive/images;D00484893_r_c44_r2374p01_immasked.fits;False
423;261530;20151016;484893;45;r;90.0;N;18.709781;19.0087;1.925708;2.07548;18.859145;2.000663;18.709781;18.709983;19.0087;19.008433;2.07548;1.926019;1.925708;2.075234;/archive/images;D00484893_r_c45_r2374p01_immasked.fits;False
424;261530;20151016;484893;46;r;90.0;N;19.0195;19.319016;1.925111;2.075048;19.169146;2.000107;19.0195;19.019762;19.319016;19.318871;2.075048;1.925522;1.925111;2.074755;/archive/images;D00484893_r_c46_r2374p01_immasked.fits;False
425;261530;20151016;484893;47;r;90.0;N;19.330587;19.630574;1.924632;2.074681;19.480477;1.99965;19.330587;19.330624;19.630442;19.630574;2.074681;1.925042;1.924632;2.074321;/archive/images;D00484893_r_c47_r2374p01_immasked.fits;False
426;261530;20151016;484893;48;r;90.0;N;19.641655;19.941676;1.924558;2.074279;19.791629;1.999415;19.641687;19.641655;19.941478;19.941676;2.074253;1.924558;1.92463;2.074279;/archive/images;D00484893_r_c48_r2374p01_immasked.fits;False
427;261530;20151016;484893;49;r;90.0;N;19.953087;20.252743;1.924652;2.074314;20.102954;1.99951;19.953363;19.953087;20.252351;20.252743;2.074291;1.924652;1.924787;2.074314;/archive/images;D00484893_r_c49_r2374p01_immasked.fits;False
428;261530;20151016;484893;50;r;90.0;N;20.263653;20.562672;1.924849;2.074426;20.413181;1.999709;20.264023;20.263653;20.56236;20.562672;2.074387;1.924849;1.924954;2.074426;/archive/images;D00484893_r_c50_r2374p01_immasked.fits;False
429;261530;20151016;484893;51;r;90.0;N;18.865089;19.164161;1.761009;1.911019;19.014525;1.836047;18.865089;18.865259;19.164161;19.163997;1.911019;1.761633;1.761009;1.910403;/archive/images;D00484893_r_c51_r2374p01_immasked.fits;False
430;261530;20151016;484893;52;r;90.0;N;19.175254;19.474873;1.760668;1.91052;19.325;1.835584;19.175254;19.175471;19.474873;19.474832;1.91052;1.761127;1.760668;1.910105;/archive/images;D00484893_r_c52_r2374p01_immasked.fits;False
431;261530;20151016;484893;53;r;90.0;N;19.486329;19.786214;1.760506;1.91016;19.636183;1.8353;19.486329;19.486335;19.786006;19.786214;1.91016;1.760722;1.760506;1.909946;/archive/images;D00484893_r_c53_r2374p01_immasked.fits;False
432;261530;20151016;484893;54;r;90.0;N;19.797223;20.097048;1.760325;1.909764;19.947126;1.835029;19.797468;19.797223;20.09663;20.097048;1.909764;1.760325;1.760362;1.909749;/archive/images;D00484893_r_c54_r2374p01_immasked.fits;False
433;261530;20151016;484893;55;r;90.0;N;20.107971;20.40725;1.760514;1.910094;20.257639;1.835334;20.108345;20.107971;20.406865;20.40725;1.909904;1.760514;1.760704;1.910094;/archive/images;D00484893_r_c55_r2374p01_immasked.fits;False
434;261530;20151016;484893;56;r;90.0;N;19.020379;19.319614;1.596818;1.746622;19.169929;1.671716;19.020379;19.020549;19.319614;19.319513;1.746622;1.597349;1.596818;1.746013;/archive/images;D00484893_r_c56_r2374p01_immasked.fits;False
435;261530;20151016;484893;57;r;90.0;N;19.33064;19.630222;1.596541;1.746071;19.480378;1.671276;19.33064;19.330772;19.630143;19.630222;1.746071;1.596866;1.596541;1.745737;/archive/images;D00484893_r_c57_r2374p01_immasked.fits;False
436;261530;20151016;484893;58;r;90.0;N;19.641665;19.941252;1.59637;1.745742;19.791399;1.671028;19.641665;19.64167;19.941046;19.941252;1.745576;1.59637;1.59653;1.745742;/archive/images;D00484893_r_c58_r2374p01_immasked.fits;False
437;261530;20151016;484893;59;r;90.0;N;19.952268;20.251654;1.596453;1.745965;20.101956;1.671204;19.95252;19.952268;20.251325;20.251654;1.745666;1.596453;1.596672;1.745965;/archive/images;D00484893_r_c59_r2374p01_immasked.fits;False
438;261530;20151016;484893;60;r;90.0;N;19.175742;19.474967;1.432644;1.582323;19.325296;1.507482;19.175742;19.175783;19.474914;19.474967;1.582323;1.433075;1.432644;1.581738;/archive/images;D00484893_r_c60_r2374p01_immasked.fits;False
439;261530;20151016;484893;62;r;90.0;N;19.796857;20.096308;1.432364;1.581619;19.946543;1.507067;19.797091;19.796857;20.095986;20.096308;1.581619;1.432527;1.432364;1.581609;/archive/images;D00484893_r_c62_r2374p01_immasked.fits;False
440;370505;20151117;494364;1;r;90.0;N;22.404643;22.704859;4.778818;4.928264;22.554694;4.853627;22.404724;22.404643;22.704779;22.704859;4.928062;4.778818;4.779167;4.928264;/archive/images;D00494364_r_c01_r2375p01_immasked.fits;False
441;370505;20151117;494364;3;r;90.0;N;23.027878;23.328018;4.778531;4.928226;23.177931;4.853474;23.027878;23.027879;23.328018;23.328015;4.928226;4.779134;4.778531;4.927769;/archive/images;D00494364_r_c03_r2375p01_immasked.fits;False
442;370505;20151117;494364;4;r;90.0;N;22.248865;22.548996;4.61456;4.764265;22.398837;4.689501;22.249015;22.248865;22.548819;22.548996;4.763835;4.61456;4.615057;4.764265;/archive/images;D00494364_r_c04_r2375p01_immasked.fits;False
443;370505;20151117;494364;5;r;90.0;N;22.560246;22.860651;4.615137;4.764589;22.710403;4.689986;22.560349;22.560246;22.860651;22.860632;4.764332;4.615137;4.615391;4.764589;/archive/images;D00494364_r_c05_r2375p01_immasked.fits;False
444;370505;20151117;494364;6;r;90.0;N;22.87197;23.172377;4.614884;4.764552;23.022181;4.68984;22.872059;22.87197;23.172377;23.172345;4.764552;4.615357;4.614884;4.764088;/archive/images;D00494364_r_c06_r2375p01_immasked.fits;False
445;370505;20151117;494364;7;r;90.0;N;23.183575;23.483635;4.614121;4.764076;23.333623;4.68919;23.183575;23.183679;23.483635;23.483551;4.764076;4.614869;4.614121;4.763404;/archive/images;D00494364_r_c07_r2375p01_immasked.fits;False
446;370505;20151117;494364;8;r;90.0;N;22.093393;22.393145;4.449918;4.600019;22.243149;4.525033;22.093442;22.093393;22.393017;22.393145;4.599297;4.449918;4.450637;4.600019;/archive/images;D00494364_r_c08_r2375p01_immasked.fits;False
447;370505;20151117;494364;9;r;90.0;N;22.404248;22.704734;4.450814;4.600389;22.554405;4.525703;22.404519;22.404248;22.704549;22.704734;4.600188;4.450814;4.450958;4.600389;/archive/images;D00494364_r_c09_r2375p01_immasked.fits;False
448;370505;20151117;494364;10;r;90.0;N;22.715939;23.016551;4.450877;4.600384;22.866218;4.525759;22.716018;22.715939;23.016551;23.016506;4.600384;4.450951;4.450877;4.600309;/archive/images;D00494364_r_c10_r2375p01_immasked.fits;False
449;370505;20151117;494364;11;r;90.0;N;23.027801;23.328116;4.450334;4.600372;23.177969;4.525459;23.027801;23.027804;23.328116;23.328022;4.600372;4.450939;4.450334;4.599721;/archive/images;D00494364_r_c11_r2375p01_immasked.fits;False
450;370505;20151117;494364;12;r;90.0;N;23.339455;23.639172;4.449343;4.599668;23.489359;4.524567;23.339455;23.339523;23.639167;23.639172;4.599668;4.450271;4.449343;4.598729;/archive/images;D00494364_r_c12_r2375p01_immasked.fits;False
451;370505;20151117;494364;13;r;90.0;N;21.937945;22.237371;4.285319;4.435354;22.087544;4.360365;21.937951;21.937945;22.237218;22.237371;4.43477;4.285319;4.285832;4.435354;/archive/images;D00494364_r_c13_r2375p01_immasked.fits;False
452;370505;20151117;494364;14;r;90.0;N;22.248397;22.54853;4.286096;4.436073;22.39833;4.361154;22.248562;22.248397;22.548396;22.54853;4.43562;4.286096;4.286437;4.436073;/archive/images;D00494364_r_c14_r2375p01_immasked.fits;False
453;370505;20151117;494364;15;r;90.0;N;22.559866;22.860513;4.286559;4.436333;22.710129;4.361541;22.559972;22.559866;22.860484;22.860513;4.436205;4.286559;4.286641;4.436333;/archive/images;D00494364_r_c15_r2375p01_immasked.fits;False
454;370505;20151117;494364;16;r;90.0;N;22.871877;23.172503;4.286155;4.436067;23.022176;4.361211;22.871878;22.871877;23.172503;23.172426;4.436067;4.28638;4.286155;4.435802;/archive/images;D00494364_r_c16_r2375p01_immasked.fits;False
455;370505;20151117;494364;17;r;90.0;N;23.183832;23.483844;4.285589;4.435956;23.333904;4.360842;23.183844;23.183832;23.483844;23.483823;4.435956;4.286316;4.285589;4.43512;/archive/images;D00494364_r_c17_r2375p01_immasked.fits;False
456;370505;20151117;494364;18;r;90.0;N;23.495298;23.794725;4.284795;4.434995;23.645044;4.359924;23.495298;23.495419;23.794702;23.794725;4.434995;4.285464;4.284795;4.43426;/archive/images;D00494364_r_c18_r2375p01_immasked.fits;False
457;370505;20151117;494364;19;r;90.0;N;21.938067;22.237323;4.121237;4.271324;22.087582;4.196292;21.938067;21.938112;22.237276;22.237323;4.27074;4.121237;4.121663;4.271324;/archive/images;D00494364_r_c19_r2375p01_immasked.fits;False
458;370505;20151117;494364;20;r;90.0;N;22.248349;22.548456;4.121503;4.271482;22.398253;4.196537;22.248458;22.248349;22.548356;22.548456;4.271169;4.121503;4.121667;4.271482;/archive/images;D00494364_r_c20_r2375p01_immasked.fits;False
459;370505;20151117;494364;21;r;90.0;N;22.559749;22.860432;4.121881;4.271772;22.710016;4.196901;22.55981;22.559749;22.860403;22.860432;4.271696;4.121881;4.121896;4.271772;/archive/images;D00494364_r_c21_r2375p01_immasked.fits;False
460;370505;20151117;494364;22;r;90.0;N;22.871795;23.172507;4.121652;4.271862;23.022168;4.196834;22.871879;22.871795;23.172454;23.172507;4.271862;4.121986;4.121652;4.271472;/archive/images;D00494364_r_c22_r2375p01_immasked.fits;False
461;370505;20151117;494364;23;r;90.0;N;23.184041;23.484081;4.121126;4.271457;23.334142;4.196337;23.184071;23.184041;23.484058;23.484081;4.271457;4.121639;4.121126;4.270804;/archive/images;D00494364_r_c23_r2375p01_immasked.fits;False
462;370505;20151117;494364;24;r;90.0;N;23.495283;23.794571;4.120458;4.270768;23.644945;4.195625;23.495302;23.495283;23.79446;23.794571;4.270768;4.121097;4.120458;4.269967;/archive/images;D00494364_r_c24_r2375p01_immasked.fits;False
463;370505;20151117;494364;25;r;90.0;N;21.78263;22.081821;3.956516;4.106434;21.932243;4.03148;21.78263;21.782806;22.081821;22.081735;4.106008;3.956516;3.956795;4.106434;/archive/images;D00494364_r_c25_r2375p01_immasked.fits;False
464;370505;20151117;494364;26;r;90.0;N;22.093071;22.39262;3.956983;4.106926;22.242691;4.031961;22.093071;22.093119;22.39262;22.392619;4.106628;3.956983;3.957082;4.106926;/archive/images;D00494364_r_c26_r2375p01_immasked.fits;False
465;370505;20151117;494364;27;r;90.0;N;22.403998;22.704421;3.956886;4.106842;22.554076;4.031929;22.404023;22.403998;22.704369;22.704421;4.106791;3.956947;3.956886;4.106842;/archive/images;D00494364_r_c27_r2375p01_immasked.fits;False
466;370505;20151117;494364;28;r;90.0;N;22.715987;23.016729;3.957001;4.106983;22.866326;4.032056;22.715987;22.716008;23.016726;23.016729;4.106983;3.957025;3.957001;4.10696;/archive/images;D00494364_r_c28_r2375p01_immasked.fits;False
467;370505;20151117;494364;29;r;90.0;N;23.027885;23.328306;3.956604;4.106712;23.178142;4.031691;23.027902;23.027885;23.328262;23.328306;4.106712;3.956765;3.956604;4.106438;/archive/images;D00494364_r_c29_r2375p01_immasked.fits;False
468;370505;20151117;494364;30;r;90.0;N;23.339849;23.63946;3.956267;4.106406;23.48974;4.031347;23.339908;23.339849;23.639358;23.63946;4.106406;3.956566;3.956267;4.105918;/archive/images;D00494364_r_c30_r2375p01_immasked.fits;False
469;370505;20151117;494364;31;r;90.0;N;23.650581;23.949742;3.956012;4.105991;23.800079;4.031011;23.650648;23.650581;23.949587;23.949742;4.105991;3.956346;3.956012;4.105512;/archive/images;D00494364_r_c31_r2375p01_immasked.fits;False
470;370505;20151117;494364;32;r;90.0;N;21.7827;22.081801;3.792274;3.941916;21.932249;3.867159;21.7827;21.782793;22.081801;22.081714;3.941849;3.792357;3.792274;3.941916;/archive/images;D00494364_r_c32_r2375p01_immasked.fits;False
471;370505;20151117;494364;33;r;90.0;N;22.09306;22.39263;3.792287;3.942123;22.242696;3.867267;22.09306;22.0932;22.39263;22.392555;3.94207;3.792422;3.792287;3.942123;/archive/images;D00494364_r_c33_r2375p01_immasked.fits;False
472;370505;20151117;494364;34;r;90.0;N;22.403899;22.704311;3.792212;3.942165;22.553998;3.867217;22.403899;22.404027;22.704311;22.704266;3.942091;3.792255;3.792212;3.942165;/archive/images;D00494364_r_c34_r2375p01_immasked.fits;False
473;370505;20151117;494364;35;r;90.0;N;22.715687;23.016398;3.792086;3.942141;22.865992;3.867152;22.715687;22.715698;23.016329;23.016398;3.942141;3.792187;3.792086;3.94204;/archive/images;D00494364_r_c35_r2375p01_immasked.fits;False
474;370505;20151117;494364;36;r;90.0;N;23.027563;23.327939;3.791885;3.941857;23.177803;3.866934;23.027563;23.027602;23.327893;23.327939;3.94184;3.791885;3.792014;3.941857;/archive/images;D00494364_r_c36_r2375p01_immasked.fits;False
475;370505;20151117;494364;37;r;90.0;N;23.339292;23.638955;3.791882;3.941836;23.489202;3.866852;23.339448;23.339292;23.638734;23.638955;3.941836;3.791996;3.791882;3.941529;/archive/images;D00494364_r_c37_r2375p01_immasked.fits;False
476;370505;20151117;494364;38;r;90.0;N;23.650153;23.949417;3.791445;3.941438;23.799723;3.866458;23.65042;23.650153;23.949136;23.949417;3.941438;3.791794;3.791445;3.940933;/archive/images;D00494364_r_c38_r2375p01_immasked.fits;False
477;370505;20151117;494364;39;r;90.0;N;21.938072;22.237386;3.627875;3.777542;22.087619;3.702771;21.938072;21.938355;22.237386;22.237112;3.777502;3.627985;3.627875;3.777542;/archive/images;D00494364_r_c39_r2375p01_immasked.fits;False
478;370505;20151117;494364;40;r;90.0;N;22.24839;22.548425;3.627605;3.777453;22.398283;3.702583;22.24839;22.248655;22.548425;22.548271;3.777453;3.627793;3.627605;3.777417;/archive/images;D00494364_r_c40_r2375p01_immasked.fits;False
479;370505;20151117;494364;41;r;90.0;N;22.559789;22.860344;3.627573;3.777456;22.710019;3.702537;22.559789;22.559952;22.860344;22.860322;3.777456;3.62764;3.627573;3.777443;/archive/images;D00494364_r_c41_r2375p01_immasked.fits;False
480;370505;20151117;494364;42;r;90.0;N;22.871765;23.172315;3.627357;3.777234;23.022015;3.702292;22.871782;22.871765;23.172159;23.172315;3.777234;3.627363;3.627357;3.777172;/archive/images;D00494364_r_c42_r2375p01_immasked.fits;False
481;370505;20151117;494364;43;r;90.0;N;23.183529;23.483588;3.627321;3.777131;23.333608;3.702249;23.18369;23.183529;23.48331;23.483588;3.777131;3.627321;3.627402;3.77707;/archive/images;D00494364_r_c43_r2375p01_immasked.fits;False
482;370505;20151117;494364;44;r;90.0;N;23.494535;23.793881;3.627333;3.777005;23.644244;3.702175;23.494824;23.494535;23.79357;23.793881;3.777005;3.627335;3.627333;3.776851;/archive/images;D00494364_r_c44_r2375p01_immasked.fits;False
483;370505;20151117;494364;45;r;90.0;N;21.938291;22.237691;3.463714;3.613313;22.0879;3.538586;21.938291;21.938608;22.237691;22.237328;3.613313;3.463858;3.463714;3.613234;/archive/images;D00494364_r_c45_r2375p01_immasked.fits;False
484;370505;20151117;494364;46;r;90.0;N;22.24841;22.548387;3.463252;3.613053;22.398291;3.538185;22.24841;22.248766;22.548387;22.548167;3.613053;3.463533;3.463252;3.612888;/archive/images;D00494364_r_c46_r2375p01_immasked.fits;False
485;370505;20151117;494364;47;r;90.0;N;22.559898;22.860274;3.462868;3.612818;22.710014;3.537841;22.559898;22.56001;22.860195;22.860274;3.612818;3.463187;3.462868;3.612548;/archive/images;D00494364_r_c47_r2375p01_immasked.fits;False
486;370505;20151117;494364;48;r;90.0;N;22.871401;23.17178;3.462796;3.612561;23.02156;3.53768;22.871401;22.871423;23.171615;23.17178;3.612483;3.462796;3.46292;3.612561;/archive/images;D00494364_r_c48_r2375p01_immasked.fits;False
487;370505;20151117;494364;49;r;90.0;N;23.183239;23.483252;3.462944;3.61261;23.33328;3.537808;23.183482;23.183239;23.482873;23.483252;3.612575;3.462944;3.463093;3.61261;/archive/images;D00494364_r_c49_r2375p01_immasked.fits;False
488;370505;20151117;494364;50;r;90.0;N;23.494189;23.793585;3.463154;3.612697;23.643901;3.538002;23.494547;23.494189;23.793267;23.793585;3.612684;3.463154;3.463235;3.612697;/archive/images;D00494364_r_c50_r2375p01_immasked.fits;False
489;370505;20151117;494364;51;r;90.0;N;22.093914;22.393434;3.299094;3.448949;22.243578;3.374059;22.093914;22.094187;22.393434;22.393187;3.448949;3.29957;3.299094;3.448482;/archive/images;D00494364_r_c51_r2375p01_immasked.fits;False
490;370505;20151117;494364;52;r;90.0;N;22.404457;22.704504;3.298869;3.448604;22.554422;3.37373;22.404457;22.404757;22.704504;22.704401;3.448604;3.299217;3.298869;3.448299;/archive/images;D00494364_r_c52_r2375p01_immasked.fits;False
491;370505;20151117;494364;53;r;90.0;N;22.715912;23.016164;3.298783;3.448357;22.865976;3.373541;22.715912;22.71598;23.015998;23.016164;3.448357;3.298926;3.298783;3.448215;/archive/images;D00494364_r_c53_r2375p01_immasked.fits;False
492;370505;20151117;494364;54;r;90.0;N;23.027229;23.32738;3.298604;3.448053;23.17729;3.373325;23.027432;23.027229;23.326984;23.32738;3.448034;3.298604;3.298674;3.448053;/archive/images;D00494364_r_c54_r2375p01_immasked.fits;False
493;370505;20151117;494364;55;r;90.0;N;23.338338;23.637964;3.298827;3.448393;23.488175;3.373644;23.33869;23.338338;23.637581;23.637964;3.448209;3.298827;3.299012;3.448393;/archive/images;D00494364_r_c55_r2375p01_immasked.fits;False
494;370505;20151117;494364;56;r;90.0;N;22.249495;22.549144;3.134973;3.284641;22.399257;3.209808;22.249495;22.249755;22.549144;22.548972;3.284641;3.135375;3.134973;3.284162;/archive/images;D00494364_r_c56_r2375p01_immasked.fits;False
495;370505;20151117;494364;57;r;90.0;N;22.560112;22.860039;3.134792;3.284224;22.710053;3.209483;22.560112;22.560315;22.860011;22.860039;3.284224;3.135025;3.134792;3.283982;/archive/images;D00494364_r_c57_r2375p01_immasked.fits;False
496;370505;20151117;494364;58;r;90.0;N;22.871495;23.171429;3.134625;3.284042;23.021422;3.20931;22.871495;22.87155;23.171253;23.171429;3.283823;3.134625;3.134838;3.284042;/archive/images;D00494364_r_c58_r2375p01_immasked.fits;False
497;370505;20151117;494364;59;r;90.0;N;23.182486;23.482189;3.134762;3.284281;23.332329;3.209522;23.182709;23.182486;23.481871;23.482189;3.283968;3.134762;3.134997;3.284281;/archive/images;D00494364_r_c59_r2375p01_immasked.fits;False
498;370505;20151117;494364;60;r;90.0;N;22.405124;22.704678;2.97086;3.120422;22.554874;3.045643;22.405124;22.405244;22.704678;22.704672;3.120422;2.97118;2.97086;3.119947;/archive/images;D00494364_r_c60_r2375p01_immasked.fits;False
499;370505;20151117;494364;62;r;90.0;N;23.026949;23.326686;2.970694;3.119931;23.176773;3.045381;23.027144;23.026949;23.326383;23.326686;3.119907;2.970823;2.970694;3.119931;/archive/images;D00494364_r_c62_r2375p01_immasked.fits;False
